code,username,Email
1,Sheryl,zunigavanessa@smith.info
2,Preston,vmata@colon.com
3,Roy,beckycarr@hogan.com
4,Linda,stanleyblackwell@benson.org
5,Joanna,colinalvarado@miles.net
6,Aimee,louis27@gilbert.com
7,Darren,tgates@cantrell.com
8,Brett,asnow@colon.com
9,Sheryl,mariokhan@ryan-pope.org
10,Michelle,mdyer@escobar.net
11,Carl,kirksalas@webb.com
12,Jenna,mark42@robbins.com
13,Tracey,alex56@walls.org
14,Kristine,holdenmiranda@clarke.com
15,Faith,cassieparrish@blevins-chapman.net
16,Miranda,vduncan@parks-hardy.com
17,Caroline,holtgwendolyn@watson-davenport.com
18,Greg,jaredjuarez@carroll.org
19,Clifford,joseph26@jacobson.com
20,Joanna,tuckerangie@salazar.net
21,Maxwell,fgibson@drake-webb.com
22,Kiara,blanchardbob@wallace-shannon.com
23,Colleen,rsingleton@ryan-cherry.com
24,Janet,stefanie71@spence.com
25,Shane,mariah88@santos.com
26,Marcus,donnamullins@norris-barrett.org
27,Dakota,stacey67@fields.org
28,Frederick,jacobkhan@bright.biz
29,Stefanie,wterrell@clark.com
30,Kent,qjimenez@boyd.com
31,Jack,gfigueroa@boone-zavala.com
32,Tom,tapiagreg@beard.info
33,Gabriel,coleolson@jennings.net
34,Kaitlyn,georgeross@miles.org
35,Faith,willistonya@randolph-baker.com
36,Tammie,harrisisaiah@jenkins.com
37,Nicholas,fwolfe@dorsey.com
38,Jordan,tiffanydavies@harris-mcfarland.org
39,Bruce,preese@frye-vega.com
40,Sherry,ann48@miller.com
41,Natalie,tcummings@fitzpatrick-ashley.com
42,Bryan,woodwardandres@phelps.com
43,Wayne,barbarapittman@holder.com
44,Luis,bstuart@williamson-mcclure.com
45,Rhonda,zkrueger@wolf-chavez.net
46,Joanne,juan80@henson.net
47,Geoffrey,bauercrystal@gay.com
48,Gloria,bartlettjenna@zuniga-moss.biz
49,Brady,mccalltyrone@durham-rose.biz
50,Latoya,bobhammond@barry.biz
51,Gerald,uwarner@steele-arias.com
52,Samuel,xpittman@ritter-carney.net
53,Patricia,vaughanchristy@lara.biz
54,Stacie,clinton85@colon-arias.org
55,Robin,greenemiranda@zimmerman.com
56,Ralph,goodmancesar@figueroa.biz
57,Phyllis,yhanson@warner-diaz.org
58,Danny,howelldarren@house-cohen.com
59,Kathy,ncamacho@boone-simmons.org
60,Kelli,kristopher62@oliver.com
61,Lynn,mpham@rios-guzman.com
62,Shelley,zachary96@mitchell-bryant.org
63,Eddie,kristiwhitney@bernard.com
64,Chloe,leah85@sutton-terrell.com
65,Eileen,levigiles@vincent.com
66,Fernando,fisherlinda@schaefer.net
67,Makayla,scottcurtis@hurley.biz
68,Tom,nicholsonnina@montgomery.info
69,Virginia,zvalencia@phelps.com
70,Riley,alex06@galloway.com
71,Alexandria,lee48@manning.com
72,Richard,aharper@maddox-townsend.org
73,Candice,buckleycory@odonnell.net
74,Anita,angie04@oconnell.com
75,Regina,zrosario@rojas-hardin.net
76,Debra,shieldskerry@robles.com
77,Brittany,mchandler@cochran-huerta.org
78,Cassidy,katrinalane@fitzgerald.com
79,Laurie,cookejill@powell.com
80,Alejandro,elizabethbarr@ewing.com
81,Leslie,corey75@wiggins.com
82,Kathleen,chloelester@higgins-wilkinson.com
83,Hunter,isaac26@benton-finley.com
84,Chad,justinwalters@jimenez.com
85,Corey,maurice46@morgan.com
86,Emma,walter83@juarez.org
87,Duane,kmercer@wagner.com
88,Alison,vcantu@norton.com
89,Vernon,hilljesse@barrett.info
90,Lori,tyrone77@valenzuela.info
91,Nina,elliserica@frank.com
92,Shane,nsteele@sparks.com
93,Collin,dudleyemily@gonzales.biz
94,Sherry,alan79@gates-mclaughlin.com
95,Darrell,grayjean@lowery-good.com
96,Karl,hhart@jensen.com
97,Lynn,vkemp@ferrell.com
98,Fred,swagner@kane.org
99,Yvonne,mccarthystephen@horn-green.biz
100,Clarence,colleen91@faulkner.biz
